installation_year,expected_system_size_kw
1999.0,2.7485999999999997
2000.0,2.706744
2001.0,2.843784
2002.0,3.0
2003.0,3.08
2004.0,3.1693
2005.0,3.675
2006.0,4.2
2007.0,4.32
2008.0,4.14
2009.0,4.356
2010.0,4.83
2011.0,4.6
2012.0,4.7
2013.0,5.232
2014.0,5.48571428571428
2015.0,5.46
2016.0,5.565
2017.0,5.8
2018.0,5.76
2019.0,5.76
2020.0,5.75804148248895
2021.0,6.12
2022.0,6.4
2023.0,6.6
